N,metodo,replicas,provadas,cores_media,tempo_medio_s,tempo_min_s,tempo_max_s,gap_certificado_pct,gap_primal_pct,fo_melhorias
10,exato,3,3,4.0,0.009568791370838834,0.0014885000418871,0.0136112081818282,0.0,0.0,0
10,exato+warm,3,3,4.0,0.002521555715550933,0.0019270000047981,0.0031431671231985,0.0,0.0,0
10,heuristica,3,0,4.0,0.00019480567425483332,0.000177500071004,0.0002080828417092,0.0,0.0,0
10,hibrido,3,3,4.0,0.0344353055891891,0.0103545419406145,0.0774606668855995,0.0,0.0,0
15,exato,3,3,5.0,0.02550844444582857,0.0198757501784712,0.0298555421177297,0.0,0.0,0
15,exato+warm,3,3,5.0,0.010145736082146533,0.0081875841133296,0.0134254160802811,0.0,0.0,0
15,heuristica,3,0,5.0,0.0006263056614746334,0.0004646249581128,0.000736708054319,0.0,0.0,0
15,hibrido,3,3,5.0,0.03334313863888377,0.0232077080290764,0.0452747079543769,0.0,0.0,0
20,exato,3,3,5.666666666666667,0.06319448569168644,0.0060129160992801,0.1629683750215917,0.0,0.0,0
20,exato+warm,3,3,5.666666666666667,1.3781061531044543,0.0069423341192305,2.1088625420816243,0.0,0.0,0
20,heuristica,3,0,5.666666666666667,13.333559555001557,0.0006364579312503,20.000021916115656,0.0,0.0,0
20,hibrido,3,3,5.666666666666667,1.398948833423977,0.0266395001672208,2.1322323749773204,0.0,0.0,0
30,exato,3,3,7.0,0.5205953056768825,0.0509063750505447,1.24265995901078,0.0,0.0,0
30,exato+warm,3,3,7.0,2.3239842504262924,2.2169666669797152,2.496948250103742,0.0,0.0,0
30,heuristica,3,0,7.0,20.000022750037413,20.000017292099074,20.00002708286047,0.0,0.0,0
30,hibrido,3,3,7.0,2.366317124959702,2.2508466250728816,2.5479618748649955,0.0,0.0,0
30,hibrido_mix,3,3,7.0,2.364133263938129,2.260237124981358,2.542916083941236,0.0,0.0,0
30,hibrido_random,3,3,7.0,2.3585708887161068,2.248969707870856,2.5417175830807537,0.0,0.0,0
40,exato,3,3,8.333333333333334,8.455327721933523,2.9577985829673707,12.591895791934803,0.0,0.0,0
40,exato+warm,3,3,8.333333333333334,7.3254516390928375,4.990211500087753,10.787084707990289,0.0,0.0,0
40,heuristica,3,0,8.333333333333334,20.000030333641917,20.000017459038645,20.00003783288412,0.0,0.0,0
40,hibrido,3,3,8.333333333333334,7.442518028042589,5.228444334119558,10.853756125085056,0.0,0.0,0
40,hibrido_mix,3,3,8.333333333333334,7.413834055652842,5.042838416993618,10.859180417144673,0.0,0.0,0
40,hibrido_random,3,3,8.333333333333334,7.385664319309096,5.059471125015989,10.866084625013173,0.0,0.0,0
60,exato,3,0,12.333333333333334,20.003901485664148,20.00230245804414,20.006944165797904,32.478632478632484,15.757575757575758,0
60,exato+warm,3,0,10.666666666666666,20.007460194329422,20.004377417033535,20.012613791041076,21.818181818181817,0.0,0
60,heuristica,3,0,10.666666666666666,20.00002119434066,20.000010458985344,20.000032291049138,21.818181818181817,0.0,0
60,hibrido,3,0,10.666666666666666,20.00548952810156,20.004054750083014,20.00660920911469,21.818181818181817,0.0,0
60,hibrido_mix,3,0,10.666666666666666,20.009106625026714,20.003980167210106,20.01873533288017,21.818181818181817,0.0,0
60,hibrido_random,3,0,10.666666666666666,20.00458200004262,20.003528457833458,20.00577370915562,21.818181818181817,0.0,0
