N,rep,seed,p,arestas,metodo,obj,bound,optimal,tempo_s,solver_s,warm_s,fo_s,fo_sub,fo_imp,warm_accepted,fallback,status,T,best_known,reference_lb,gap_certificate_pct,gap_primal_pct,own_gap_pct
10,0,2036,0.5,23,heuristica,4,4.0,False,0.0002080828417092,0.0,0.0,0.0,0,0,False,False,Heuristic (no solver certificate),20.0,4,4,0.0,0.0,0.0
10,0,2036,0.5,23,exato,4,4.0,True,0.0136066658888012,0.0125160419847816,0.0,0.0,0,0,False,False,Optimal,20.0,4,4,0.0,0.0,0.0
10,0,2036,0.5,23,exato+warm,4,4.0,True,0.0031431671231985,0.0021814580541104,0.0002419170923531,2.1999934688210487e-05,0,0,True,False,Optimal,20.0,4,4,0.0,0.0,0.0
10,0,2036,0.5,23,hibrido,4,4.0,True,0.0774606668855995,0.0071608750149607,0.0003759998362511,0.0689219171181321,4,0,True,False,Optimal,20.0,4,4,0.0,0.0,0.0
10,1,3036,0.5,19,heuristica,4,4.0,False,0.000177500071004,0.0,0.0,0.0,0,0,False,False,Heuristic (no solver certificate),20.0,4,4,0.0,0.0,0.0
10,1,3036,0.5,19,exato,4,4.0,True,0.0136112081818282,0.0125894579105079,0.0,0.0,0,0,False,False,Optimal,20.0,4,4,0.0,0.0,0.0
10,1,3036,0.5,19,exato+warm,4,4.0,True,0.0024945000186562,0.001362708164379,0.0003144170623272,4.258309490978718e-05,0,0,True,False,Optimal,20.0,4,4,0.0,0.0,0.0
10,1,3036,0.5,19,hibrido,4,4.0,True,0.0103545419406145,0.0017513751517981,0.0001914999447762,0.0077456671278923,4,0,True,False,Optimal,20.0,4,4,0.0,0.0,0.0
10,2,4036,0.5,23,heuristica,4,4.0,False,0.0001988341100513,0.0,0.0,0.0,0,0,False,False,Heuristic (no solver certificate),20.0,4,4,0.0,0.0,0.0
10,2,4036,0.5,23,exato,4,4.0,True,0.0014885000418871,0.0007026251405477,0.0,0.0,0,0,False,False,Optimal,20.0,4,4,0.0,0.0,0.0
10,2,4036,0.5,23,exato+warm,4,4.0,True,0.0019270000047981,0.000933333998546,0.0002151250373572,2.4541979655623436e-05,0,0,True,False,Optimal,20.0,4,4,0.0,0.0,0.0
10,2,4036,0.5,23,hibrido,4,4.0,True,0.0154907079413533,0.0009878329001367,0.0002264168579131,0.0132328330073505,4,0,True,False,Optimal,20.0,4,4,0.0,0.0,0.0
15,0,2041,0.5,51,heuristica,5,5.0,False,0.0004646249581128,0.0,0.0,0.0,0,0,False,False,Heuristic (no solver certificate),20.0,5,5,0.0,0.0,0.0
15,0,2041,0.5,51,exato,5,5.0,True,0.0198757501784712,0.0180830829776823,0.0,0.0,0,0,False,False,Optimal,20.0,5,5,0.0,0.0,0.0
15,0,2041,0.5,51,exato+warm,5,5.0,True,0.0088242080528289,0.0057226251810789,0.0007407080847769,7.266690954566002e-05,0,0,True,False,Optimal,20.0,5,5,0.0,0.0,0.0
15,0,2041,0.5,51,hibrido,5,5.0,True,0.0452747079543769,0.0092065841890871,0.0006772500928491,0.0325768750626593,4,0,True,False,Optimal,20.0,5,5,0.0,0.0,0.0
15,1,3041,0.5,50,heuristica,5,5.0,False,0.000736708054319,0.0,0.0,0.0,0,0,False,False,Heuristic (no solver certificate),20.0,5,5,0.0,0.0,0.0
15,1,3041,0.5,50,exato,5,5.0,True,0.0298555421177297,0.0279624999966472,0.0,0.0,0,0,False,False,Optimal,20.0,5,5,0.0,0.0,0.0
15,1,3041,0.5,50,exato+warm,5,5.0,True,0.0134254160802811,0.0098846668843179,0.0012319581583142,4.7457870095968246e-05,0,0,True,False,Optimal,20.0,5,5,0.0,0.0,0.0
15,1,3041,0.5,50,hibrido,5,5.0,True,0.031546999933198,0.0075997500680387,0.0005310839042067,0.0210714580025523,4,0,True,False,Optimal,20.0,5,5,0.0,0.0,0.0
15,2,4041,0.5,57,heuristica,5,5.0,False,0.0006775839719921,0.0,0.0,0.0,0,0,False,False,Heuristic (no solver certificate),20.0,5,5,0.0,0.0,0.0
15,2,4041,0.5,57,exato,5,5.0,True,0.0267940410412848,0.0243436249438673,0.0,0.0,0,0,False,False,Optimal,20.0,5,5,0.0,0.0,0.0
15,2,4041,0.5,57,exato+warm,5,5.0,True,0.0081875841133296,0.0055753749329596,0.0006212501320987,3.7041958421468735e-05,0,0,True,False,Optimal,20.0,5,5,0.0,0.0,0.0
15,2,4041,0.5,57,hibrido,5,5.0,True,0.0232077080290764,0.005555500043556,0.000588750001043,0.015270666917786,4,0,True,False,Optimal,20.0,5,5,0.0,0.0,0.0
20,0,2046,0.5,84,heuristica,5,5.0,False,0.0006364579312503,0.0,0.0,0.0,0,0,False,False,Heuristic (no solver certificate),20.0,5,5,0.0,0.0,0.0
20,0,2046,0.5,84,exato,5,5.0,True,0.0060129160992801,0.0038738339208066,0.0,0.0,0,0,False,False,Optimal,20.0,5,5,0.0,0.0,0.0
20,0,2046,0.5,84,exato+warm,5,5.0,True,0.0069423341192305,0.0039515420794487,0.000738542061299,3.2916897907853127e-05,0,0,True,False,Optimal,20.0,5,5,0.0,0.0,0.0
20,0,2046,0.5,84,hibrido,5,5.0,True,0.0266395001672208,0.0036104170139878,0.0007104591932147,0.0199060409795492,4,0,True,False,Optimal,20.0,5,5,0.0,0.0,0.0
20,1,3046,0.5,102,heuristica,6,5.0,False,20.000021916115656,0.0,0.0,0.0,0,0,False,False,Heuristic (no solver certificate),20.0,6,6,0.0,0.0,16.666666666666668
20,1,3046,0.5,102,exato,6,6.0,True,0.0206021659541875,0.0187037088908255,0.0,0.0,0,0,False,False,Optimal,20.0,6,6,0.0,0.0,0.0
20,1,3046,0.5,102,exato+warm,6,6.0,True,2.018513583112508,0.0165515418630093,2.000040875049308,5.3041847422719e-05,0,0,True,False,Optimal,20.0,6,6,0.0,0.0,0.0
20,1,3046,0.5,102,hibrido,6,6.0,True,2.03797462512739,0.0162710829172283,2.0000552081037313,0.0199548748787492,4,0,True,False,Optimal,20.0,6,6,0.0,0.0,0.0
20,2,4046,0.5,96,heuristica,6,5.0,False,20.000020290957764,0.0,0.0,0.0,0,0,False,False,Heuristic (no solver certificate),20.0,6,6,0.0,0.0,16.666666666666668
20,2,4046,0.5,96,exato,6,6.0,True,0.1629683750215917,0.1611259579658508,0.0,0.0,0,0,False,False,Optimal,20.0,6,6,0.0,0.0,0.0
20,2,4046,0.5,96,exato+warm,6,6.0,True,2.1088625420816243,0.1069512921385467,2.000046292087063,5.224999040365219e-05,0,0,True,False,Optimal,20.0,6,6,0.0,0.0,0.0
20,2,4046,0.5,96,hibrido,6,6.0,True,2.1322323749773204,0.1090638749301433,2.000054416945204,0.0213944159913808,4,0,True,False,Optimal,20.0,6,6,0.0,0.0,0.0
30,0,2056,0.5,212,heuristica,7,6.0,False,20.000023875152692,0.0,0.0,0.0,0,0,False,False,Heuristic (no solver certificate),20.0,7,7,0.0,0.0,14.285714285714286
30,0,2056,0.5,212,exato,7,7.0,True,0.0509063750505447,0.0468600830063223,0.0,0.0,0,0,False,False,Optimal,20.0,7,7,0.0,0.0,0.0
30,0,2056,0.5,212,exato+warm,7,7.0,True,2.2169666669797152,0.2131241660099476,2.000030416995287,4.933285526931286e-05,0,0,True,False,Optimal,20.0,7,7,0.0,0.0,0.0
30,0,2056,0.5,212,hibrido,7,7.0,True,2.2508466250728816,0.2180635000113397,2.000049666967243,0.0291656251065433,4,0,True,False,Optimal,20.0,7,7,0.0,0.0,0.0
30,0,2056,0.5,212,hibrido_random,7,7.0,True,2.248969707870856,0.2175082501489669,2.000045749824494,0.0278415000066161,4,0,True,False,Optimal,20.0,7,7,0.0,0.0,0.0
30,0,2056,0.5,212,hibrido_mix,7,7.0,True,2.260237124981358,0.2189622910227626,2.000024124979973,0.0376868331804871,4,0,True,False,Optimal,20.0,7,7,0.0,0.0,0.0
30,1,3056,0.5,211,heuristica,7,6.0,False,20.00002708286047,0.0,0.0,0.0,0,0,False,False,Heuristic (no solver certificate),20.0,7,7,0.0,0.0,14.285714285714286
30,1,3056,0.5,211,exato,7,7.0,True,1.24265995901078,1.2391816671006382,0.0,0.0,0,0,False,False,Optimal,20.0,7,7,0.0,0.0,0.0
30,1,3056,0.5,211,exato+warm,7,7.0,True,2.496948250103742,0.4929166671354323,2.0000583750661463,7.924996316432953e-05,0,0,True,False,Optimal,20.0,7,7,0.0,0.0,0.0
30,1,3056,0.5,211,hibrido,7,7.0,True,2.5479618748649955,0.4985647918656468,2.000034083845094,0.0458274581469595,4,0,True,False,Optimal,20.0,7,7,0.0,0.0,0.0
30,1,3056,0.5,211,hibrido_random,7,7.0,True,2.5417175830807537,0.5023636671248823,2.0000445421319455,0.0358122498728334,4,0,True,False,Optimal,20.0,7,7,0.0,0.0,0.0
30,1,3056,0.5,211,hibrido_mix,7,7.0,True,2.542916083941236,0.4959737500175833,2.000020292121917,0.0434066248126328,4,0,True,False,Optimal,20.0,7,7,0.0,0.0,0.0
30,2,4056,0.5,214,heuristica,7,6.0,False,20.000017292099074,0.0,0.0,0.0,0,0,False,False,Heuristic (no solver certificate),20.0,7,7,0.0,0.0,14.285714285714286
30,2,4056,0.5,214,exato,7,7.0,True,0.2682195829693228,0.2646333340089768,0.0,0.0,0,0,False,False,Optimal,20.0,7,7,0.0,0.0,0.0
30,2,4056,0.5,214,exato+warm,7,7.0,True,2.25803783419542,0.2538817080203444,2.000040292041376,0.0001004580408334,0,0,True,False,Optimal,20.0,7,7,0.0,0.0,0.0
30,2,4056,0.5,214,hibrido,7,7.0,True,2.30014287494123,0.265955250011757,2.0000325420405716,0.0305724160280078,4,0,True,False,Optimal,20.0,7,7,0.0,0.0,0.0
30,2,4056,0.5,214,hibrido_random,7,7.0,True,2.2850253751967102,0.2548987499903887,2.000019417144358,0.0265335829462856,4,0,True,False,Optimal,20.0,7,7,0.0,0.0,0.0
30,2,4056,0.5,214,hibrido_mix,7,7.0,True,2.289246582891792,0.2533540420699864,2.0000169579871,0.032268333947286,4,0,True,False,Optimal,20.0,7,7,0.0,0.0,0.0
40,0,2066,0.5,388,heuristica,8,7.0,False,20.00003783288412,0.0,0.0,0.0,0,0,False,False,Heuristic (no solver certificate),20.0,8,8,0.0,0.0,12.5
40,0,2066,0.5,388,exato,8,8.0,True,2.9577985829673707,2.950482791988179,0.0,0.0,0,0,False,False,Optimal,20.0,8,8,0.0,0.0,0.0
40,0,2066,0.5,388,exato+warm,8,8.0,True,4.990211500087753,2.9825707499403507,2.0000508341472596,5.2165938541293144e-05,0,0,True,False,Optimal,20.0,8,8,0.0,0.0,0.0
40,0,2066,0.5,388,hibrido,8,8.0,True,5.228444334119558,3.1245124998968095,2.000047167064622,0.0957781251054257,4,0,True,False,Optimal,20.0,8,8,0.0,0.0,0.0
40,0,2066,0.5,388,hibrido_random,8,8.0,True,5.059471125015989,2.976870915852487,2.000040417071432,0.0751122499350458,4,0,True,False,Optimal,20.0,8,8,0.0,0.0,0.0
40,0,2066,0.5,388,hibrido_mix,8,8.0,True,5.042838416993618,2.9563042090740055,2.0002330418210477,0.0788437081500887,4,0,True,False,Optimal,20.0,8,8,0.0,0.0,0.0
40,1,3066,0.5,415,heuristica,9,8.0,False,20.000035709002987,0.0,0.0,0.0,0,0,False,False,Heuristic (no solver certificate),20.0,9,9,0.0,0.0,11.11111111111111
40,1,3066,0.5,415,exato,9,9.0,True,9.816288790898398,9.8061629999429,0.0,0.0,0,0,False,False,Optimal,20.0,9,9,0.0,0.0,0.0
40,1,3066,0.5,415,exato+warm,9,9.0,True,10.787084707990289,8.778166292002425,2.0000298330560327,5.312496796250343e-05,0,0,True,False,Optimal,20.0,9,9,0.0,0.0,0.0
40,1,3066,0.5,415,hibrido,9,9.0,True,10.853756125085056,8.770434542093426,2.0000360829290003,0.0747355830390006,4,0,True,False,Optimal,20.0,9,9,0.0,0.0,0.0
40,1,3066,0.5,415,hibrido_random,9,9.0,True,10.866084625013173,8.778554207878187,2.000036582816392,0.0789135000668466,4,0,True,False,Optimal,20.0,9,9,0.0,0.0,0.0
40,1,3066,0.5,415,hibrido_mix,9,9.0,True,10.859180417144673,8.78071141592227,2.000027999980375,0.0698473341763019,4,0,True,False,Optimal,20.0,9,9,0.0,0.0,0.0
40,2,4066,0.5,400,heuristica,8,7.0,False,20.000017459038645,0.0,0.0,0.0,0,0,False,False,Heuristic (no solver certificate),20.0,8,8,0.0,0.0,12.5
40,2,4066,0.5,400,exato,8,8.0,True,12.591895791934803,12.582733707968146,0.0,0.0,0,0,False,False,Optimal,20.0,8,8,0.0,0.0,0.0
40,2,4066,0.5,400,exato+warm,8,8.0,True,6.199058709200472,4.190874166088179,2.0000505421776325,5.5999960750341415e-05,0,0,True,False,Optimal,20.0,8,8,0.0,0.0,0.0
40,2,4066,0.5,400,hibrido,8,8.0,True,6.245353624923155,4.159480000147596,2.0002323330845684,0.0780530839692801,4,0,True,False,Optimal,20.0,8,8,0.0,0.0,0.0
40,2,4066,0.5,400,hibrido_random,8,8.0,True,6.231437207898125,4.158236416056752,2.0000538749154657,0.0655648750253021,4,0,True,False,Optimal,20.0,8,8,0.0,0.0,0.0
40,2,4066,0.5,400,hibrido_mix,8,8.0,True,6.339483332820237,4.241761832963675,2.000070665962994,0.0892106669489294,4,0,True,False,Optimal,20.0,8,8,0.0,0.0,0.0
60,0,2086,0.5,918,heuristica,11,9.0,False,20.000010458985344,0.0,0.0,0.0,0,0,False,False,Heuristic (no solver certificate),20.0,11,9,18.181818181818183,0.0,18.181818181818183
60,0,2086,0.5,918,exato,13,9.0,False,20.006944165797904,19.981354041956365,0.0,0.0,0,0,False,False,Time limit reached,20.0,11,9,30.76923076923077,18.181818181818183,30.76923076923077
60,0,2086,0.5,918,exato+warm,11,9.0,False,20.004377417033535,17.980864209122956,2.000042957952246,5.150004290044308e-05,0,0,True,False,Time limit reached,20.0,11,9,18.181818181818183,0.0,18.181818181818183
60,0,2086,0.5,918,hibrido,11,9.0,False,20.005804625106975,17.668277791002765,2.0000382910948247,0.3138243339490145,4,0,True,False,Time limit reached,20.0,11,9,18.181818181818183,0.0,18.181818181818183
60,0,2086,0.5,918,hibrido_random,11,9.0,False,20.004443833138794,16.854111124994233,2.0000725421123207,1.127701582852751,4,0,True,False,Time limit reached,20.0,11,9,18.181818181818183,0.0,18.181818181818183
60,0,2086,0.5,918,hibrido_mix,11,9.0,False,20.004604374989867,17.788793333107606,2.000032792100683,0.1922932500019669,4,0,True,False,Time limit reached,20.0,11,9,18.181818181818183,0.0,18.181818181818183
60,1,3086,0.5,864,heuristica,10,8.0,False,20.000020832987506,0.0,0.0,0.0,0,0,False,False,Heuristic (no solver certificate),20.0,10,8,20.0,0.0,20.0
60,1,3086,0.5,864,exato,12,8.0,False,20.0024578331504,19.98139724996872,0.0,0.0,0,0,False,False,Time limit reached,20.0,10,8,33.333333333333336,20.0,33.333333333333336
60,1,3086,0.5,864,exato+warm,10,8.0,False,20.005389374913648,17.981034374795854,2.0001732921227813,0.0001159168314188,0,0,True,False,Time limit reached,20.0,10,8,20.0,0.0,20.0
60,1,3086,0.5,864,hibrido,10,8.0,False,20.004054750083014,15.842067874968052,2.0000567920506,2.142968124942854,4,0,True,False,Time limit reached,20.0,10,8,20.0,0.0,20.0
60,1,3086,0.5,864,hibrido_random,10,8.0,False,20.003528457833458,17.79775124997832,2.0000616249162704,0.1869238328654319,4,0,True,False,Time limit reached,20.0,10,8,20.0,0.0,20.0
60,1,3086,0.5,864,hibrido_mix,10,8.0,False,20.003980167210106,17.671340540982783,2.0000432920642197,0.3133025411516428,4,0,True,False,Time limit reached,20.0,10,8,20.0,0.0,20.0
60,2,4086,0.5,907,heuristica,11,8.0,False,20.000032291049138,0.0,0.0,0.0,0,0,False,False,Heuristic (no solver certificate),20.0,11,8,27.272727272727273,0.0,27.272727272727273
60,2,4086,0.5,907,exato,12,8.0,False,20.00230245804414,19.97908329195343,0.0,0.0,0,0,False,False,Time limit reached,20.0,11,8,33.333333333333336,9.090909090909092,33.333333333333336
60,2,4086,0.5,907,exato+warm,11,8.0,False,20.012613791041076,17.99023141618818,2.000040166079998,5.233404226601124e-05,0,0,True,False,Time limit reached,20.0,11,8,27.272727272727273,0.0,27.272727272727273
60,2,4086,0.5,907,hibrido,11,8.0,False,20.00660920911469,17.801088999956846,2.0000481670722365,0.1840444579720497,4,0,True,False,Time limit reached,20.0,11,8,27.272727272727273,0.0,27.272727272727273
60,2,4086,0.5,907,hibrido_random,11,8.0,False,20.00577370915562,17.814481625100598,2.0000300421379507,0.1697650419082492,4,0,True,False,Time limit reached,20.0,11,8,27.272727272727273,0.0,27.272727272727273
60,2,4086,0.5,907,hibrido_mix,11,8.0,False,20.01873533288017,17.81003608298488,2.000055749900639,0.1870971249882131,4,0,True,False,Time limit reached,20.0,11,8,27.272727272727273,0.0,27.272727272727273
