fo_sub,fo_imp,N,rep,seed,metodo,obj,bound,optimal,tempo_s,dantzig,T
,,25,0,2051,heuristica,782696,,False,20.0,784482.49,20.0
,,25,0,2051,exato,782696,782696.0,True,0.005,784482.49,20.0
,,25,0,2051,exato+warm,782696,782696.0,True,2.005,784482.49,20.0
0,0,25,0,2051,hibrido,782696,782696.0,True,2.005,784482.49,20.0
,,25,1,3051,heuristica,765644,,False,20.0,766492.26,20.0
,,25,1,3051,exato,765644,765644.0,True,0.005,766492.26,20.0
,,25,1,3051,exato+warm,765644,765644.0,True,2.005,766492.26,20.0
0,0,25,1,3051,hibrido,765644,765644.0,True,2.005,766492.26,20.0
,,25,2,4051,heuristica,644793,,False,20.0,649736.46,20.0
,,25,2,4051,exato,644793,644793.0000000019,True,0.059,649736.46,20.0
,,25,2,4051,exato+warm,644793,644793.0,True,2.056,649736.46,20.0
0,0,25,2,4051,hibrido,644793,644793.0,True,2.043,649736.46,20.0
,,50,0,2076,heuristica,1640464,,False,20.0,1643166.24,20.0
,,50,0,2076,exato,1640464,1640464.0000000028,True,0.1,1643166.24,20.0
,,50,0,2076,exato+warm,1640464,1640464.0,True,2.09,1643166.24,20.0
1,0,50,0,2076,hibrido,1640464,1640464.0,True,2.16,1643166.24,20.0
,,50,1,3076,heuristica,1521288,,False,20.0,1524916.27,20.0
,,50,1,3076,exato,1521288,1521287.9999999995,True,0.109,1524916.27,20.0
,,50,1,3076,exato+warm,1521288,1521288.0000000005,True,2.122,1524916.27,20.0
1,0,50,1,3076,hibrido,1521288,1521288.0000000005,True,2.23,1524916.27,20.0
,,50,2,4076,heuristica,1569497,,False,20.0,1571215.99,20.0
,,50,2,4076,exato,1569497,1569497.000000135,True,0.061,1571215.99,20.0
,,50,2,4076,exato+warm,1569497,1569497.0,True,2.036,1571215.99,20.0
1,0,50,2,4076,hibrido,1569497,1569497.0,True,2.109,1571215.99,20.0
,,100,0,2126,heuristica,3263432,,False,20.0,3264773.43,20.0
,,100,0,2126,exato,3263437,3263437.0,True,0.162,3264773.43,20.0
,,100,0,2126,exato+warm,3263437,3263437.0,True,2.14,3264773.43,20.0
4,1,100,0,2126,hibrido,3263437,3263437.0,True,2.369,3264773.43,20.0
,,100,1,3126,heuristica,2979274,,False,20.0,2981410.24,20.0
,,100,1,3126,exato,2979274,2979273.9999999944,True,0.313,2981410.24,20.0
,,100,1,3126,exato+warm,2979274,2979273.9999999986,True,2.16,2981410.24,20.0
4,1,100,1,3126,hibrido,2979274,2979274.0000000005,True,2.662,2981410.24,20.0
,,100,2,4126,heuristica,3303375,,False,20.0,3308145.05,20.0
,,100,2,4126,exato,3303375,3303375.0,True,0.533,3308145.05,20.0
,,100,2,4126,exato+warm,3303375,3303375.0,True,2.457,3308145.05,20.0
4,2,100,2,4126,hibrido,3303375,3303375.0,True,2.373,3308145.05,20.0
,,200,0,2226,heuristica,6490143,,False,20.0,6498117.33,20.0
,,200,0,2226,exato,6490143,6490143.000000001,True,4.364,6498117.33,20.0
,,200,0,2226,exato+warm,6490143,6490143.0,True,2.02,6498117.33,20.0
7,0,200,0,2226,hibrido,6490143,6490143.0,True,2.071,6498117.33,20.0
,,200,0,2226,hibrido_random,6490143,6490143.0,True,2.165,6498117.33,20.0
,,200,0,2226,hibrido_mix,6490143,6490143.0,True,2.651,6498117.33,20.0
,,200,1,3226,heuristica,6352791,,False,20.0,6358722.15,20.0
,,200,1,3226,exato,6352791,6352791.0,True,1.197,6358722.15,20.0
,,200,1,3226,exato+warm,6352791,6352791.0,True,2.018,6358722.15,20.0
7,0,200,1,3226,hibrido,6352791,6352791.0,True,2.058,6358722.15,20.0
,,200,1,3226,hibrido_random,6352791,6352791.0,True,2.054,6358722.15,20.0
,,200,1,3226,hibrido_mix,6352791,6352791.0,True,2.049,6358722.15,20.0
,,200,2,4226,heuristica,6486198,,False,20.0,6492875.17,20.0
,,200,2,4226,exato,6486199,6486199.0,True,1.373,6492875.17,20.0
,,200,2,4226,exato+warm,6486199,6486199.0,True,3.221,6492875.17,20.0
8,1,200,2,4226,hibrido,6486199,6486199.0,True,4.022,6492875.17,20.0
,,200,2,4226,hibrido_random,6486199,6486199.0,True,2.978,6492875.17,20.0
,,200,2,4226,hibrido_mix,6486199,6486199.0,True,2.516,6492875.17,20.0
,,400,0,2426,heuristica,12680042,,False,20.0,12688552.91,20.0
,,400,0,2426,exato,12680043,12686254.0,False,20.004,12688552.91,20.0
,,400,0,2426,exato+warm,12680043,12686440.0,False,20.004,12688552.91,20.0
12,1,400,0,2426,hibrido,12680043,12686487.0,False,20.008,12688552.91,20.0
,,400,0,2426,hibrido_random,12680043,12686487.0,False,20.003,12688552.91,20.0
,,400,0,2426,hibrido_mix,12680043,12686487.0,False,20.003,12688552.91,20.0
,,400,1,3426,heuristica,12947732,,False,20.0,12951699.06,20.0
,,400,1,3426,exato,12947738,12947738.0,True,10.82,12951699.06,20.0
,,400,1,3426,exato+warm,12947738,12949755.0,False,20.005,12951699.06,20.0
16,1,400,1,3426,hibrido,12947738,12950179.0,False,20.003,12951699.06,20.0
,,400,1,3426,hibrido_random,12947738,12949186.0,False,20.002,12951699.06,20.0
,,400,1,3426,hibrido_mix,12947738,12950188.0,False,20.003,12951699.06,20.0
,,400,2,4426,heuristica,12677299,,False,20.0,12686414.9,20.0
,,400,2,4426,exato,12677299,12684403.0,False,20.003,12686414.9,20.0
,,400,2,4426,exato+warm,12677299,12684257.0,False,20.007,12686414.9,20.0
12,0,400,2,4426,hibrido,12677299,12684257.0,False,20.003,12686414.9,20.0
,,400,2,4426,hibrido_random,12677299,12684257.0,False,20.003,12686414.9,20.0
,,400,2,4426,hibrido_mix,12677299,12684257.0,False,20.007,12686414.9,20.0
,,800,0,2826,heuristica,25733236,,False,20.0,25741770.64,20.0
,,800,0,2826,exato,25733236,25741750.0,False,20.008,25741770.64,20.0
,,800,0,2826,exato+warm,25733236,25741750.0,False,20.011,25741770.64,20.0
13,0,800,0,2826,hibrido,25733236,25741750.0,False,20.006,25741770.64,20.0
,,800,0,2826,hibrido_random,25733236,25741750.0,False,20.005,25741770.64,20.0
,,800,0,2826,hibrido_mix,25733236,25741750.0,False,20.004,25741770.64,20.0
,,800,1,3826,heuristica,24943275,,False,20.001,24947667.78,20.0
,,800,1,3826,exato,24943275,24947611.0,False,20.005,24947667.78,20.0
,,800,1,3826,exato+warm,24943275,24947614.0,False,20.008,24947667.78,20.0
13,0,800,1,3826,hibrido,24943275,24947624.0,False,20.005,24947667.78,20.0
,,800,1,3826,hibrido_random,24943275,24947624.0,False,20.003,24947667.78,20.0
,,800,1,3826,hibrido_mix,24943275,24947624.0,False,20.003,24947667.78,20.0
,,800,2,4826,heuristica,25730230,,False,20.001,25739707.2,20.0
,,800,2,4826,exato,25730230,25739654.0,False,20.005,25739707.2,20.0
,,800,2,4826,exato+warm,25730230,25739654.0,False,20.002,25739707.2,20.0
17,0,800,2,4826,hibrido,25730230,25739654.0,False,20.014,25739707.2,20.0
,,800,2,4826,hibrido_random,25730230,25739654.0,False,20.013,25739707.2,20.0
,,800,2,4826,hibrido_mix,25730230,25739654.0,False,20.006,25739707.2,20.0
