N,metodo,gap_primal_ppm
25,exato,0.0
25,exato+warm,0.0
25,heuristica,0.0
25,hibrido,0.0
50,exato,0.0
50,exato+warm,0.0
50,heuristica,0.0
50,hibrido,0.0
100,exato,0.0
100,exato+warm,0.0
100,heuristica,0.5107090060775393
100,hibrido,0.0
200,exato,0.0
200,exato+warm,0.0
200,heuristica,0.05139116658821805
200,hibrido,0.0
200,hibrido_mix,0.0
200,hibrido_random,0.0
400,exato,0.0
400,exato+warm,0.0
400,heuristica,0.1807551641186859
400,hibrido,0.0
400,hibrido_mix,0.0
400,hibrido_random,0.0
800,exato,0.0
800,exato+warm,0.0
800,heuristica,0.0
800,hibrido,0.0
800,hibrido_mix,0.0
800,hibrido_random,0.0
